{
  "best_time_seconds": 3.6079999999997137,
  "final_velocity_ms": 28.31328418579129,
  "power_compliant": 