{
  "time_decomp": {
    "t_sim": 3.7339999999997,
    "t_cp": 2.5103735628081356,
    "gap_s": 1.2236264371915642,
    "dt_drag_ms": 340.5614243197165,
    "dt_rr_ms": 0.0,
    "dt_drv_ms": 99.17452191827758,
    "dt_traction_ms": 960.3974153936385,
    "dt_residual_ms": -176.50692444006833
  },
  "energy_budget_kJ": {
    "E_elec": 221.68222705037465,
    "KE_final": 127.86824540102975,
    "E_drag": 27.24491394557732,
    "E_rr": 0.0,
    "E_drv_loss": 63.00299198113065,
    "E_mech": 158.679235069244
  },
  "power_budget_kW": {
    "v_term": 35.758669634234124,
    "P_drag": 22.40475188562254,
    "P_rr": 0.7015850982236735,
    "P_drive": 76.0
  },
  "monte_carlo": {
    "N": 500,
    "mean": 4.0446279999997,
    "std": 0.1444302794292413,
    "p05": 3.8308999999996893,
    "p95": 4.325999999999779,
    "n_power_ok": 500,
    "n_time_ok": 500,
    "n_no_wheelie": 500
  },
  "optimiser": {
    "n_evals": 500,
    "final_time": 3.486999999999727,
    "best_feasible_time": 3.486999999999727
  },
  "pacejka": {
    "C": 1.65,
    "pDx1": 1.7,
    "pDx2": -0.12,
    "pKx1": 35000.0,
    "pKx2": -3000.0,
    "E": 0.1,
    "Fz0": 1500.0
  }
}