{
  "time_decomp": {
    "t_sim": 3.7819999999996945,
    "t_cp": 2.7042179443263907,
    "gap_s": 1.0777820556733038,
    "dt_drag_ms": 312.2886312701126,
    "dt_rr_ms": 0.0,
    "dt_drv_ms": 104.68313230302397,
    "dt_traction_ms": 933.9734542700417,
    "dt_residual_ms": -273.16316216987445
  },
  "energy_budget_kJ": {
    "E_elec": 226.73568877524946,
    "KE_final": 138.8489499701856,
    "E_drag": 24.983090501609006,
    "E_rr": 0.0,
    "E_drv_loss": 59.24267709041125,
    "E_mech": 167.49301168483822
  },
  "power_budget_kW": {
    "v_term": 33.32854031849407,
    "P_drag": 18.140320682866637,
    "P_rr": 0.8173824513110671,
    "P_drive": 76.0
  },
  "monte_carlo": {
    "N": 500,
    "mean": 4.0350439999996945,
    "std": 0.12038816413587385,
    "p05": 3.8629499999996857,
    "p95": 4.265049999999759,
    "n_power_ok": 500,
    "n_time_ok": 500,
    "n_no_wheelie": 500
  },
  "optimiser": {
    "n_evals": 271,
    "final_time": 3.6739999999997064,
    "best_feasible_time": 3.6739999999997064
  },
  "pacejka": {
    "C": 1.65,
    "pDx1": 1.7,
    "pDx2": -0.12,
    "pKx1": 35000.0,
    "pKx2": -3000.0,
    "E": 0.1,
    "Fz0": 1500.0
  }
}